use secontrola;
INSERT INTO COTACAO(COD_MOEDA, DESCR_MOEDA, VALOR_EM_REAIS) 
VALUES 
(1, "REAL", 1),
(2, "DOLAR", 3.87),
(3, "EURO", 4.35);

INSERT INTO NIVEL_ACESSO(COD_NIVEL_AC, DESCR_NIVEL_AC) 
VALUES 
(1, "ADMIN_SIS"),
(2, "ADMIN_CONTA"),
(3, "US_CONTA");

INSERT INTO USUARIO(COD_US, NOME_US, SENHA_US,COD_MOEDA,COD_NIVEL_ACESSO, COD_US_ADM) 
VALUES 
(1, "SUPORTE TECNICO", "QWERT-1234",1 ,1 , 1),
(2, "FRANCISLAUDO DA SILVA", "1234ACBD",1 ,2 , 2),
(3, "ANABELLE LANDERLEIA DA SILVA", "1234ACBD",2 ,3 , 1),
(4, "MATHIAS TANTOS DA SILVA", "1234ACBD",3 ,3 , 1);

INSERT INTO CONTA_BANCO(COD_CONTA, COD_US, NUM_CONTA, NUM_AGENCIA, SALDO) 
VALUES 
(1, 2, 13405, 2017, 1500.56),
(2, 2, 45031, 3021, -12.50);

INSERT INTO CATEGORIA(COD_CAT, TIPO_CAT, DESCR_CAT)
VALUES
(1, "DESPESA", "HABITACAO"),
(2, "DESPESA", "ALIMENTACAO"),
(3, "DESPESA", "SAUDE"),
(4, "DESPESA", "TRANSPORTE"),
(5, "DESPESA", "CUIDADOS PESSOAIS"),
(6, "DESPESA", "EDUCACAO"),
(7, "DESPESA", "LAZER"),
(8, "DESPESA", "IMPOSTOS"),
(9, "DESPESA", "OUTROS"),

(10, "RECEITA", "SALARIO"),
(11, "RECEITA", "RENDA EXTRA"),
(12, "RECEITA", "INVESTIMENTOS"),
(13, "RECEITA", "OUTROS");

INSERT INTO SUBCATEGORIAS(COD_SUBCAT, COD_CAT, DESCR_SUBCAT)
VALUES
-- HABITAÇÃO
(1, 1, "ALUGUEL"),
(2, 1, "AGUA"),
(3, 1, "LUZ"),
-- SAUDE
(4, 3, "CONVENIO MEDICO"),
(5, 3, "DENTISTA"),
(6, 3, "FARMACIA"),
-- TRANSPORTE
(7, 4, "COMBUSTIVEL"),
(8, 4, "MANUTENCAO"),
(9, 4, "SEGURO");

INSERT INTO FORMA_PGTO(COD_FORMA_PGTO, DESCR_FORMA_PGTO)
VALUES
(1, "DINHEIRO"),
(2, "CARTAO DE CREDITO"),
(3, "CARTAO DE DEBITO"),
(4, "CHEQUE"),
(5, "TRANSFERENCIA"),
(6, "INTERNET BANKING");

INSERT INTO RECEITA(COD_REC, COD_US, DATA_REC, COD_CAT, COD_SUBCAT, VALOR,COD_CONTA, COD_FORMA_PGTO)
VALUES
(1, 2, '2019/04/07', 10, null, 5800.56, 1, 5);

INSERT INTO DESPESA(COD_DESP, COD_US, DATA_DESP, COD_CAT, COD_SUBCAT, VALOR,COD_CONTA, COD_FORMA_PGTO)
VALUES
(1, 2, '2019/04/07', 1, 1, 1500.87,1, 3),
(2, 2, '2019/04/07', 4, 7, 85.55, 1, 1);

